detected_onset_s,detected_release_s,contact_duration_s,peak_force_raw_N,peak_force_filtered_N,mean_contact_force_N,force_impulse_Ns,rise_time_10_90_s,baseline_mean_N,baseline_std_N,detection_threshold_N,sampling_frequency_Hz
3.23,7.07,3.8400000000000003,9.915318925848792,9.445795355355262,7.875228720045571,30.238254618216214,1.2400000000000002,0.06426128911041785,0.07806344887087704,0.45457853346480304,200
